{"wo": [[2210.5675147235747, -1315.3158624195319, -575.5984222666774, 26.92196013353142, 9.809155524044842, -7.553247012097607], [-497.15367622528134, -983.551521770165, 623.7291434612445, -282.22744154381047, -65.2332164681067, -25.03621169442556], [-844.8579840572568, 1483.3562160328695, -571.9634854526096, 51.785873919223945, 7.2559229621982, 30.001863482711993]], "wi": [[53177.10240062479, -8763.724413382593, -34788.27061756394], [-57902.76731265652, -48109.156711698306, 81015.93044826675], [-47576.73361778256, 92990.91339284924, -32959.91435326096], [11282.19254592281, 52412.825406419375, -12968.27129364664], [8531.349533022314, 32839.11210681201, -9601.950526613586], [3541.9402337625575, 3021.192676195536, -2864.308052535402], [35944.657938814555, -49980.522983063245, -43054.677970875426], [17364.852326216824, -13423.97607035063, -13649.508740878447], [14075.07273032613, 15244.363907811514, -983.6963517883778], [821.0278060044285, 4991.31522813485, 733.8512141611694], [17855.992140221155, -4384.862927061613, -316.3537873645517], [-18353.77199818254, -5701.007006137016, -4264.274950696019], [6223.18429232584, -1341.9001468997144, -4277.835412740016], [10760.452437959368, -5297.393235633534, 84.20887188769711], [-3423.330662609566, -2422.8092056260207, -3163.8996572439005], [1829.1127110959867, -11609.111448461948, -929.0446911525029], [2265.184981495514, -8719.358321240932, 2958.3954717207394], [-1842.8660811899506, -3665.055868915724, -1766.3150479267092], [0.17530490726501924, -0.15072475150830505, -0.19712617309909183], [-0.052347941131989734, -0.1901399942255377, 0.04193929503221244], [-0.3113578835797299, -0.7596045268507292, 0.8390135732478103], [-113.47128401870543, 21644.07404002629, -3662.291998883225], [-306.76482039949684, 11593.034395914876, 17570.234371019305], [-450.57891929880225, -5152.993567532426, -1166.9837222190122], [-1338.3188004075141, 992.5189533776362, 4650.787493338403], [-874.5788503701589, -1916.6720380780362, 6411.44348064971], [-67725.69970175237, -38705.65964422701, 23119.549789903867], [16303.34941641879, -125839.96579533571, -61466.85212609913], [-4972.806376960867, 26390.20701411218, 22573.93220740171], [-23543.31135896793, 16059.30439314986, 4380.5504501047], [-27770.70637583726, 7667.661242736929, 6212.903154578792], [-54599.050694923186, -75479.07742282617, -20875.628211117033]]}