{"wo": [[-1018.2652636259453, -1016.10749729451, -1006.6909737920047, -973.2686983913983, -839.639335234033, -747.6382808814562, -690.2816262376462, -614.5068701005291], [-1033.1708516054214, -1033.3497556142158, -1025.038916284929, -989.7250014006368, -854.8213405257727, -763.2172066462454, -706.181106414684, -631.3378721716192], [-1010.3630352038128, -1012.3419172698559, -1003.5748241056999, -969.5876732672017, -835.7726166140449, -741.6908974635767, -684.9614957593398, -612.0792755424885]], "wi": [[379.0966125229633, 356.39541814402617, 376.4320212790348], [1614.3607532718224, 1630.6317421710078, 1613.950859933215], [971.1316163977172, 969.221472546903, 972.6074182778832], [883.2212599877081, 901.1204363295899, 884.2884449602034], [758.6314819949386, 740.313093782499, 753.5841122547895], [686.6757016416155, 688.2945887010305, 690.7057416160213], [287.98524756300867, 317.50606304453237, 278.80792713102124], [254.4073781107982, 262.90152300697724, 250.13300989336537], [240.35462553878995, 246.64948510724926, 239.89118350169215], [222.5483050549493, 234.36552977222888, 223.69822963788627], [274.2602327808965, 289.45417611365457, 274.36308949601676], [258.74406813248805, 255.65237437613703, 260.65862111300777], [278.68440712379805, 268.2152795529375, 278.5905422478795], [233.72989990044456, 229.1283427508457, 234.63399182003428], [256.3286052031065, 253.73396515642588, 259.1089809747096], [276.4511041272623, 289.62520684870816, 276.43232118252564], [280.05069277863595, 284.9775292965475, 280.8317230159292], [279.3347417431442, 283.42409691847786, 283.4537264963232], [-0.011446973776381153, -0.18677292122163822, 0.16362235104023565], [0.05021285952551069, -0.08516748559525436, -0.18527844249985664], [0.1018752963766866, -0.002014068630263728, 0.17060133606460115], [0.8164639836926026, 0.5326744842196169, 1.2595444523624004], [-52.2422541384078, -53.365170161174795, -51.580021834001016], [-37.04746873114603, -38.752602734007006, -36.32637744024142], [11.066876534345942, 8.644368531371507, 11.464723668570162], [-12.471046093660808, -18.715987307282898, -10.36371052858981], [468.867670672137, 478.6096788096664, 470.2057799534468], [425.31306028813674, 424.4103719005689, 425.9783342706103], [639.4746111394354, 633.6701895349793, 639.1069032854932], [662.0388742569764, 654.3551581238762, 662.6189159965976], [657.3799283297989, 662.0340339406454, 656.9087031972605], [2173.1019211157045, 2172.012823938715, 2169.7968819710795]]}