{"wo": [[-1000.9157648518109, -1002.7715739287856, -993.4493835792096, -1192.3039188195517, -1093.4471729260933, -1019.0752138495327, -643.0325136091354, -899.0325931840339], [1036.542225469129, 1036.545241070444, 1027.184161382896, 822.0316287898148, 694.4349428739642, 608.7657807381399, 720.6880803065789, 479.3372383242447], [-1035.5778130321642, -1033.86118089517, -1026.1852963247823, -820.8300245400243, -692.9701617119607, -607.3735020554047, -719.8794371554377, -477.3756165187703]], "wi": [[-371.4034736552822, -2382.8118121808093, 668.1838286432497], [1960.8937416454426, -1634.1717042993791, 1623.2199286392613], [998.9152529855445, -941.3230985895617, 914.2924885780699], [797.8939327620245, -898.2028032964877, 861.0620015879432], [933.8737282188594, -739.3565617655016, 754.2429621143898], [1258.8519992835872, -678.5766595342126, 624.2134303288243], [2716.141311714134, -554.0067563758166, 1487.4605853511998], [-1230.2556126676448, 613.4614723700337, 585.050037677392], [1221.8757186730054, -2423.709273074316, 189.27447735576834], [1258.5257874247845, -2660.3735668917107, 1397.3389824667645], [-1292.649040393095, -2390.3423877542514, 630.0431100330778], [-1647.1262004205391, -2157.050990497994, -567.1864774207455], [-720.5974979740726, 506.4885405299367, 686.3283957927368], [1474.8533074451834, -187.6920717259792, 113.26274460010112], [1651.4250124402124, -1154.0226109998687, 1365.4319217646587], [1745.4738799218992, -965.7329618665677, 203.7087279318829], [1187.6981791274327, -2419.155745532475, 199.54823090480943], [1514.8265905075057, -452.5018854868862, 1404.3339544001617], [0.08136754092891996, 0.12867851947671366, 0.11414750007309954], [-0.04636306779451549, -0.17632787761490523, -0.18468485380662292], [0.2362065191219818, 0.04550802865919211, 0.07798626832200992], [-4.134799008624698, 3.6698743640013145, -5.328932061654933], [-26.81508655617866, 17.218230971767923, -27.829637802730126], [-14.363320226013588, 6.1516543364962954, -12.613267110646813], [-7.602735591021997, 1.3813462777598988, -5.121210355708031], [78.6180590481982, -61.959242049880814, -6.921198167968361], [-319.12737773891797, -2534.7043955539034, 757.169340443651], [596.1112702263714, -428.06452999810136, 438.93715997065783], [1373.5870601445586, -3559.536505961718, 599.6070982603276], [1750.3353713430765, -719.8623553580089, 670.7169751192488], [2223.099912536873, -1394.0836651127693, 668.238055171189], [1563.825116019527, -4141.657455835426, 2434.398953008873]]}