{"wo": [[0.16832546288579522, -1.468809252201636, 0.5202093427547252, -1.2296353150150248, 1.2541037078637909, -0.8409706863929926], [0.09482873343875545, -1.0201048803456747, 2.5469040038960906, 0.26895983006405694, -0.6155085269719506, 0.8302587021045136], [1.1102632787955566, -0.921914749962231, -1.8031296157324082, 0.12115056867781775, -0.07580822301442063, 0.7665831496744078], [1.1680582186666775, 0.8309463585407904, -0.16746395631521593, 0.9043083894424133, 0.41896574623384836, 1.6013277331632063]], "wi": [[0.004063127163776853, -0.12274262668638625, -0.007642543700061871, -0.09825984708572566], [0.17698780025534416, 0.17661736120295457, 0.18585975013412942, -0.03724062888450419], [0.023434268521177987, -0.46004968977885874, -0.19256805867193755, 0.14368614880444958], [-0.026660348512579674, 0.049100421658084425, 0.045148804402388165, 0.054743859149170515], [0.05630863206522857, -0.16404940517941652, 0.311016572213079, 0.2442833852134337], [0.2021594073928795, 0.29180996641869217, -0.2864814664533808, -0.325411882563008], [-0.1836983466478016, -0.20098129464710882, 0.11469318340275998, 0.17492526984098272], [0.1698126150542252, -0.09506517192576207, -0.13782366976686086, -0.09298667320217435], [-0.026199100579808197, -0.04396051687072822, -1.3460536619534345, 0.2675064464042007], [0.06760190718921641, 0.2944395551742116, 0.29907605265972076, -0.33951152692759456], [-0.00890372333754584, -0.014802853430646624, -0.349752512926406, 0.29262853419639445], [0.035682783942860945, 0.008006611164508336, -0.4377335733852518, 0.47899871225398805], [0.041283409022341004, -0.003566438516936189, -0.12103670243762975, 0.07433625814427083], [0.40281675662456523, 0.3291408945484915, 0.8206457218904584, 0.28940630825987934], [0.05767866482686925, -0.00912871972404824, -0.47893514442815566, 0.6983702153463633], [0.10640135453988157, 0.12592819267894995, 0.18350059532897625, -0.13054042829363052], [-0.009436865024578708, 0.07521851990551971, 0.13197032305533735, -0.07711632428877481], [0.030037599185605585, 0.008323903411549762, -0.2144894575679389, 0.31071061018605345], [0.09168922834347759, 0.04648834266391425, 0.31205793193705017, -0.22503039096935462], [0.06479297255784865, 0.16056215350069114, 0.5401609663310655, -0.30499628575660154], [-0.019107396412252706, -0.03955402140601699, 0.06142820948146386, 0.08812485307236648], [0.11771154574250975, 0.012589804772761743, 0.23320068149004677, -0.176384279973034], [-0.02184371764798544, -0.08655442061269268, -0.2391778028479718, 0.3734885079698664], [-0.05111900797678641, 0.026956713636184942, -0.40680526804980915, 0.41458679573983087], [0.020810436764124543, -0.0216629862025896, 0.004490201746056089, -0.005887680501193757], [-0.009508180963658908, -0.020565622029527802, -0.26101798072329857, 0.17612746570444035], [0.02014934328451571, 0.06266347895041234, 0.27676198355137993, -0.3138929133771978], [-0.030458479896765485, 0.011998143866831523, 0.8162105264737266, -0.5869213401089561], [-0.02097814811431655, -0.0329703536835096, -0.398928393748994, 0.41639795969822985], [0.0752788776059537, -0.03336183820264436, -0.24172217582815891, 0.25057976435378115], [-0.018016477312044192, 0.009639892133369993, 0.030961776142297615, -0.16453422317187036], [-0.27880087608493526, -0.5023362601293035, -0.8612931657299678, 0.7648895375636634]]}