{"wo": [[1.2061187831608295, -2.9172993215111878, -0.41583072547216177, -2.161523357460558, 1.9186972665664295, -0.7723117062444245], [-0.6486863268552575, 1.760544173560737, -1.441675915484762, 1.3712903474427416, -4.657174364956646, -3.1417635295955297], [-0.690157198347289, 1.0799341201707737, 6.101422184728948, 0.1645433748646464, -1.0539089140020397, 2.067687000340936], [5.8419860459494135, -5.128247110419863, -5.890274887500003, -4.801120716651368, 3.103509344222089, -4.126013965758638], [0.9264927964865746, -0.5727892100209424, 0.21626536433231128, -3.846188113635561, 0.46488824464193046, 0.4790684515430604], [-5.175770903050588, 7.690727311359309, 4.912556593908791, 2.5597336400484942, -3.8396547695660876, -7.063866780864169], [4.088587466680729, -2.018563615394286, 3.3645266531071374, -4.293956225391758, 4.05007319422488, 2.9886735765771877], [2.7746218769921245, -1.1226345527790835, 5.443610743446931, -7.780944383213758, 0.8723721688215347, 3.8772803013072767], [1.649627774658071, -2.026460244103855, 10.438873537062783, -2.302716430256543, -1.1254760862735929, 9.226091600216115], [0.6103749839435739, -3.8196304548960622, 3.2878751898175826, -1.7024256605840298, 2.489476454282229, 1.6319698228536943]], "wi": [[0.03130500762102867, -0.05918937738504426, -0.03565645200743445, -0.18251208010444522, 0.003009182575382019, 0.01324059678857653, 0.12966909155070955, -0.05587660569185535, -0.12246771744348006, 0.19056403250965775], [0.14379598859134318, -0.09168812887003108, 0.18371478647599665, -0.1399186481390493, -0.15291968315779703, 0.1254136377583756, -0.18811390440127287, -0.19561086105417438, 0.1872923302618768, -0.1684171489658054], [0.09489295391680684, -0.09067433914929043, 0.02835709675492262, -0.014755097055204926, -0.14281316500833396, -0.1587807063253893, 0.04602302170886715, -0.11539240935103592, 0.021215167049339647, -0.1256910985137273], [0.12137196702441537, 0.029665842074571323, 0.1579286953210604, -0.08370965643536996, -0.14078107774819262, 0.1840521397286703, 0.046061744216001524, -0.16511125587404304, -0.11489194142118694, -0.13059148901527792], [2.142075312725882, 0.19624861062571514, -0.08436447011632772, -0.39449513258331637, -0.16753567779280554, 0.152455927052608, 0.07101269796571291, -1.2065326725582666, -2.8601572381579707, -0.15884320953276787], [-0.08501842887410285, 0.1711855028285461, 0.017803598622853987, -1.6204466890055624, -0.06297425443284901, 1.9897758774612075, -1.1742300565912573, -1.0709421166452016, -2.82107386433952, -0.023550812058570524], [0.14559113441188007, 0.11808794795150322, 0.11344100891570946, -0.34456054905598493, -0.09436933085011091, 2.4699138258907523, -1.1340432629263488, -1.0958912061514803, -2.361359203795772, -0.11290147166275037], [0.16949000154218632, 0.16017905859351983, 0.028159707039409513, -1.9563157715781045, -0.17245887397838525, 2.3198501116174524, -1.1545312110676371, -0.9488937948418334, -6.967835643009003, 0.12738223223504658], [-2.0653651811462943, 0.25869504953160233, -0.8201678996668349, 1.4751580242386173, -1.0428574877117711, 4.095047731535508, -0.42968741864429144, -3.2688201857548216, -8.892402115680875, -0.06159673554543287], [-1.9527898351621336, 0.2526057740602309, -0.8460193514570332, 0.18113606714827407, -0.2662394813822549, 0.6701731933509764, -2.8898308125020575, -3.288277112155076, -10.3178293857121, -0.5794712239343567], [-6.511897944290576, 2.23353077501997, -0.4403509040796381, -10.761860608954652, -1.436123124045981, 4.520289364844609, -2.3993936262799496, -4.926201748033798, -0.1009971099937159, -0.5799448776404917], [0.9219672856701859, 1.9729685843467222, -0.49510657077706205, 10.889918802698238, -0.9400440212616763, 0.5072824087072577, -4.153813655718943, -5.259165318270415, -4.471499436961525, -0.7372569425701563], [-3.920156254632043, 0.26606567254512775, -1.1473839085045356, -0.4651551480324562, -0.9451155991958488, 0.8310635608084596, 4.0540405952446905, -2.1024191905614362, -30.570949838074934, -0.7313204229902225], [0.0655110368069314, -0.14401096347401726, -0.9193708155720782, 32.56636096261564, -0.9198943052936095, -2.7023483551153933, 0.9418695619864865, 0.6149213596577301, 10.262020293501077, -0.6258533889755286], [-3.232382813903507, 3.3377287535203126, -0.4153736462711753, -36.14030330684039, -0.9672564138399647, 9.414984069975405, -4.418173004863698, -11.288811585829126, -53.17843223804133, -0.9268330422417123], [-1.818254003190594, 1.4467689315693002, -1.2777964248711768, -25.563346929599827, -0.9132045230731004, 4.170227733619394, -2.580466679843673, 3.2308515220328387, 66.93139208511177, -1.1432656610819245], [-0.6793826910216759, 1.7996209567966954, -0.4645584109223361, -9.949476333022604, -0.20541860405191875, 3.6160475761678645, -3.418590639675748, -16.51937085815579, -35.88118509341982, -0.38651799217614047], [1.379858179150481, 1.6607659254177507, -0.189269324775031, -1.2517995685802878, 0.0940610947632405, 8.371770674152987, 0.3888960361706697, -4.682517956494603, -26.950069969015804, -0.35512835449530517], [-3.744814487573828, 3.135898363817473, -0.3040848506619667, -3.5878505481980567, -0.8358491525630877, -0.9060869689243954, -3.1782447086025, -0.33875063374318676, -18.25573418612353, -0.9288791590219616], [-0.7601867404209338, 1.2406007673908241, -2.1902803502236656, 19.375268164204357, -1.0791785703173962, -2.745449146043824, 0.027114177376824502, 0.22258022946238842, -3.4494843385220655, -0.5477766378150326], [0.1201614880670532, 0.6718594469194331, 0.13194511950955892, 10.71714912610426, -0.051829457030499314, -2.5982767475507953, -0.2907788500755353, 0.24648062900455167, 4.435184151109138, 0.1410422132271895], [-1.27080089901912, 1.3544321337344767, -0.29395520535202824, 10.864624947112645, 0.178411657020011, -1.9538233606097912, -4.052176141812553, 0.06510092412455304, 16.591829504106542, -0.6361163109725363], [-1.7231113952640837, 0.8217837135435169, -0.8025511452432069, -2.890217371944863, -1.001629269026134, 2.552323554739459, -3.260608086152592, -0.15671667531811462, -8.947472420550044, -0.6732991711937252], [-1.736230410421308, 0.1935794416958741, 0.318428738872689, -0.7507332294311813, -0.7383828909540316, 0.6740899785639646, -4.983779507205947, -5.819729432522702, -4.90049147695182, -0.9343345542587125], [-1.554584205841698, 0.2343789606019774, -0.9074822437791636, 0.9637136970967857, -0.7929221120853339, 5.954790656361041, -4.697673667862643, -2.2963928640535465, 10.042085441071713, -0.04251541129733537], [-1.980304336151309, -0.27576888765853, -1.323558741160517, -1.8520637064097074, 0.2228237781516826, 1.0033466017571437, -0.5816716060065696, -1.0807551800894943, -1.036148968915426, 0.07136981527182101], [-1.3550865029210142, 0.40629058868486023, -0.363651697536038, 0.4010273094178134, -1.2053300451738178, -2.7625200347729044, -4.142176419184423, -1.34751062159089, -21.117019365128503, -0.07924805337651325], [-2.298241521010138, 1.5012974666875742, -0.7833415313151374, 3.6668881445816495, -1.7831950949510469, 0.7068252868430113, -3.3807662846993813, -3.8150204714282565, -23.83519785449618, -0.20031766156808067], [-1.0292707110275576, 0.5639536918109019, -0.36461779102641995, 4.157319445105953, -1.24583551936768, 3.58448987943625, 0.5275806574803704, -6.435011763501807, -18.64022136767663, -0.11675257593125257], [-1.9245559946340092, 1.2916268300457074, -0.6520739908626727, 10.170262108403616, 0.3991716825166941, 6.30184981065996, -0.3106051993171258, -3.2244021153637967, -3.5549036594821857, -0.3313001484039573], [-2.283611472318881, 0.5642197187604194, -0.4707353074440719, 9.935031881579022, 0.15572303507156365, 6.752302274573059, -6.28232812648703, -6.714653906505215, -16.361270885655255, -0.03829256116091073], [-2.905422698326413, 2.8685667702566433, -2.3977725640149408, -10.04258091423825, -2.5200232252238806, 7.220481298272485, -3.668816856722788, -11.191469832525827, -22.782886788090842, -1.9421426860846835]]}