{
    "wo": [
        [
            1.0201920036936314, 
            1.3006184251896595, 
            0.5171756016932814, 
            1.7777329896129443, 
            1.2948323004837339, 
            0.9368530864906269
        ], 
        [
            1.4671442672565975, 
            -0.8509887787538112, 
            -0.9295953956655076, 
            0.574727113132037, 
            0.18772670705132033, 
            -0.08609062532316063
        ], 
        [
            -0.9774783368197979, 
            -1.3045491481987255, 
            -0.717127230239297, 
            1.7188663880597488, 
            0.8552005035566022, 
            -0.05296009026591695
        ], 
        [
            1.0817875751236166, 
            -2.170401643064218, 
            0.5494786131877215, 
            -0.7272154256569943, 
            -0.6057609276321853, 
            -0.2136049498010662
        ]
    ], 
    "wi": [
        [
            -0.10167071870693496, 
            -0.07797822884764427, 
            0.12467609723986206, 
            0.16429371897214884
        ], 
        [
            0.11111637111273404, 
            -0.05075181819598576, 
            -0.004916638670532325, 
            0.1511435861787715
        ], 
        [
            -0.04409651093550293, 
            0.10828110145228992, 
            0.14904081890251225, 
            -0.1853658816286645
        ], 
        [
            -0.009617530517227463, 
            -0.24827293024697572, 
            -0.26699174440751444, 
            0.12215002520877634
        ], 
        [
            0.004205709700482852, 
            -0.009597021067499418, 
            -0.11975721895739398, 
            -0.11925254986491608
        ], 
        [
            -0.0985819721307902, 
            0.12012954167056228, 
            0.22953309839359484, 
            0.13778272668808916
        ], 
        [
            -0.00038821179024662434, 
            0.06545227815095848, 
            0.12788884859762983, 
            -0.07879378458775887
        ], 
        [
            -0.16726619855291056, 
            0.15429647553891915, 
            -0.0353376221562209, 
            -0.0178918465058799
        ], 
        [
            0.16540146511111262, 
            -0.06692646560844485, 
            -0.14858245866133626, 
            -0.3714260020904637
        ], 
        [
            0.2681431731796769, 
            -0.16496466767933946, 
            -0.07277023776010087, 
            0.049387745720434945
        ], 
        [
            -0.0526849961436012, 
            0.10277515939940438, 
            0.01954370707147607, 
            -0.058516977344066946
        ], 
        [
            -0.007104494714237168, 
            -0.010609175831870097, 
            -0.05556629249849773, 
            -0.043912378103328015
        ], 
        [
            0.028261466064592455, 
            -0.06132667559206144, 
            0.0018558982635801182, 
            0.04602299166705921
        ], 
        [
            0.08370054706843164, 
            0.19550918862052558, 
            -0.004312395034995385, 
            0.24434503066348845
        ], 
        [
            -0.054893736891200036, 
            0.42315716404041553, 
            -0.29732259402826555, 
            -0.6764035127128049
        ], 
        [
            0.1959677374971753, 
            -0.23446736679310698, 
            0.10446498406581894, 
            0.42205657184615997
        ], 
        [
            0.06247553890269146, 
            -0.018874625221181926, 
            0.15006003001920537, 
            0.23208041715183464
        ], 
        [
            0.07266107925918805, 
            -0.04248744154980609, 
            0.03265094812606572, 
            0.08526479817396808
        ], 
        [
            0.05992502588385228, 
            -0.043288170788346896, 
            0.019585211030027264, 
            0.04549784792980541
        ], 
        [
            -0.07240192005222286, 
            0.03766447930858078, 
            0.07842694789627795, 
            0.16397676132860836
        ], 
        [
            0.034050789598300046, 
            -0.01575196486661835, 
            0.1056006710049093, 
            0.08533034894369662
        ], 
        [
            0.03796240132002975, 
            -0.06091296890687217, 
            0.06314206369052922, 
            0.09622905756360411
        ], 
        [
            0.13149031445343515, 
            -0.16452757678731547, 
            -0.0023962397452272585, 
            0.16995174351356698
        ], 
        [
            -0.01121982632150697, 
            0.01311123579338213, 
            0.041811099131885486, 
            0.050469406117609736
        ], 
        [
            0.08185472666169592, 
            -0.05096960438951338, 
            -0.006801805087966905, 
            0.014806064083517222
        ], 
        [
            -0.06735877029721583, 
            -0.03514954521638518, 
            -0.026913784088026964, 
            0.06772521029968609
        ], 
        [
            -0.08137966483572469, 
            0.04812898446574136, 
            0.052315812811113506, 
            0.08581011152294381
        ], 
        [
            0.029146545379504493, 
            0.0721269261472453, 
            -0.0754898759965809, 
            -0.14599919658940116
        ], 
        [
            0.031020972855210664, 
            -0.024326008837834014, 
            -0.03711380970361213, 
            -0.05623909477121524
        ], 
        [
            -0.06641345012649294, 
            0.07608459334946806, 
            0.051882454361782175, 
            0.016932739566300432
        ], 
        [
            -0.09620720261380546, 
            0.05307626619760166, 
            0.00018837252266380201, 
            0.0676558302199278
        ], 
        [
            0.35457644935686145, 
            -0.46182054124225314, 
            -0.09261438079335713, 
            -0.1194394115959836
        ]
    ]
}