{"wo": [[-0.9063163981816904, -0.5731462216112094, -1.5028133431179527, 0.45853969474099937, 0.7480305079361391, 0.19352774572725295], [0.08965363890616951, -0.6361344049823519, -1.6089070722242291, 1.768336339745052, -1.273820788619501, 1.325196063404494], [0.6405914560449321, 1.1749451164414488, -1.0498206828589551, -0.5879667800217796, 1.1723551243559556, 0.8953328140724456], [-0.2256425125495844, 2.196157829497814, 1.7224179593053388, -0.6937204200381598, 1.9282375899171305, -0.4864162128861006]], "wi": [[0.033973590969934075, -0.108299352582586, 0.16045662485780415, 0.026259701751536246], [0.07335805672580614, -0.18689380222157978, 0.10836264927828443, -0.1930003487264511], [0.1846994434000393, 0.08390570204693404, 0.11574443056047473, -0.16327929237268474], [-0.22507874509983372, -0.05777711896262302, 0.09706296024449187, 0.026103477510010978], [0.17241345579118492, 0.19255125191204353, 0.563585749314321, 0.16704374213259163], [-0.026932959088238805, -0.23676141593174443, 0.04628180772954879, -0.2426116416940014], [0.16529195345551723, -0.2678194586988494, 0.0335838747077655, 0.09089895116280779], [-0.07078860706928491, -0.12118835867816351, 0.0303141606430597, -0.22116346756465424], [-0.00405630894821075, -0.06750138643490992, -0.07695389315145942, -0.579799006328423], [-0.2936314705169164, 0.06459203799314346, -0.05627246179405092, 0.790734011085713], [-0.05263666759807194, 0.031155924533007466, -0.0415700887593066, 0.31807554873376004], [-0.05771948189625787, 0.03648978938228367, -0.03515521552100589, 0.09246483071984919], [-0.010196316479658435, 0.00446007832854163, -0.022569529012103306, 0.12532546820565052], [-0.3800023594804115, -0.10417232952350322, 0.1942875623744797, 0.3747618266155579], [-0.09957141225258648, 0.16174872432083906, 0.11748850804934745, 0.07623272369198764], [-0.08971428344153555, 0.09762167340359357, 0.0663055995847433, 0.4156811058570196], [-0.04001861376622831, 0.17395657346853988, 0.034645282175236373, 0.0867020128948372], [-0.04735173424761723, -0.018104402036236086, 0.026545870619516937, 0.03459430557179198], [0.01792223583323963, -0.039598148783818614, 0.013259649053280538, 0.005369263686068653], [-0.10533008600022192, -0.0029836753428524225, -0.060616616085100335, 0.18671139378692633], [-0.054629374848135535, -0.08717466103312477, 0.009685833748573205, 0.09430089288459276], [0.03076908943642674, 0.08358225143489227, 0.014776213660455503, 0.45995125960265487], [0.03295991920054414, 0.22613616742232265, 0.0036653684383546616, 0.7213550452047813], [0.06376888325125726, 0.12085176462350784, -0.01695145238838958, 0.1244638389965315], [0.04766097481324098, -0.05251785921925696, 0.048831448250876645, 0.08494152101375947], [-0.016428912144241324, 0.15890085489329153, -0.06622168306064419, -0.10420901909826047], [0.02544587874771451, -0.03244762693505212, 0.04039301224006972, 0.10013272221229194], [-0.032856612468641834, 0.1240486748258243, -0.013374184446960086, 0.030337776966806767], [-0.009663261827812856, -0.008539020465392675, -0.057886374880501884, 0.12047948060087496], [0.011129882129885043, -0.12617661964872973, -0.026039726501528786, 0.03153010494764768], [0.01415214920353873, 0.17571129725088236, 0.0747706024871839, 0.18701694307798736], [0.08544991951683902, 0.6507665823302864, -0.08522982049016445, 0.7117876272168974]]}