{"wo": [[1.016761558714066, -1.4874778144893226, -1.722769276122804, -0.7800069442313969, -0.6400234937020236, 0.2539841040944355], [-0.22330534899782686, -1.9589131675618943, 1.7368806852927645, -0.16795716506840774, 0.27132317304331516, -0.32518278518143734], [-0.1393193818476147, 0.567948307739478, -1.9911683640080777, 1.3162855505886597, -0.722361995356625, 0.35521925266638393], [-1.333660707732006, -1.4555062907145118, -0.07936953188764721, 1.1180759583125737, -0.6111830035808415, -0.8214230349243277]], "wi": [[-0.16173350822750532, 0.018051928109007548, -0.03747866245242998, -0.07912083012397156], [-0.03361113298035598, -0.12553179492746036, -0.06010872258388408, -0.0863128528346894], [0.12903625494880516, -0.16876666656591555, 0.17958365292115297, 0.0644566211577618], [-0.14920543568024797, 0.1649774566074303, -0.08590679773637905, -0.032434136517547285], [0.3457382514662196, -0.4846182841264166, -0.5553552432170725, 0.05715652899876317], [0.192721092248218, -0.18961825000283863, 0.018820492836655323, 0.34409785236850693], [0.12014877966840298, 0.5637757932567634, 0.20332885537331977, -0.10074942900912315], [-0.13162108474600923, -0.04547749127316813, 0.2550542993617076, 0.14063204600919532], [-0.8477248777468186, -0.2849178391654255, -0.1525094119018734, -0.05983568493323265], [0.21078097433966989, 0.6125547080221121, -0.02907357388235688, -0.197838686665669], [-0.22673175202278595, -0.11628997321223797, -0.2490346886913611, 0.021364492523738992], [-0.04890773550369733, 0.08635440755731243, 0.007658684781133187, -0.019512135499145117], [0.08745798609464675, 0.18719223017477118, 0.22406049563322372, -0.0998478902334544], [1.202284056220774, -0.041151440710641925, 0.003784168213498947, -0.3406960265202849], [-0.04326194774963712, -1.2266837257432321, 0.22412357561653418, -0.2520098596231085], [0.4168374375468799, 0.7378534576009762, 0.41015432365713334, -0.2175851931761828], [0.4426322787696843, 0.5804124092470407, 0.509991561748435, -0.17780863548419926], [0.24338917333776625, 0.19858448801097456, 0.009804105358989875, 0.09910830793796672], [-0.2367074148068155, 0.22492767068334565, 0.3073431434687677, -0.3266004857151124], [0.19125452230847168, 0.3624070231353275, 0.5071940344876161, -0.004804041931472841], [0.22853055860595692, 0.40220877376004555, 0.46754472556049026, -0.09240526428348948], [0.0998692546941786, 0.2214555369325093, 0.19993635091092937, -0.18018923056507832], [-0.04686990005209912, -0.16532303899645645, 0.13267252520063674, 0.1481679113920955], [0.04763684148766101, 0.3441977031198737, 0.3249549824701409, -0.30376909732369933], [-0.02530331753107092, 0.01033441473253715, 0.015388129047783701, 0.005453753734210507], [0.19183289101158582, 0.06281046236426918, 0.01614375609894014, -0.026365317980852614], [-0.0815231519142185, 0.12534240617824532, -0.14355645465167674, -0.1231258053414205], [0.06529223008735112, 0.2539571432188297, 0.33977520243695014, -0.07877247615427506], [-0.08184115627246337, -7.885158039075664e-05, -0.03879120878712282, 0.03930721192968187], [0.06216858337197691, 0.18014473500781095, 0.3769386557005197, -0.23917047176032458], [0.12161705709315865, 0.09105424005560808, 0.15118665089484998, -0.10531146216749507], [-1.6825983239022868, 0.28878398820863266, -0.07471320426993612, -0.3414461614619583]]}