{"wo": [[-1021.4783227041319, -1020.1855465531552, -1012.1631018714158, -977.0757361808456, -845.132931232321, -745.1678264694777, -696.4057698081211, -614.0610987585059], [-1021.594641978385, -1021.8857286820281, -1012.8572139951341, -979.0874456492714, -842.7442116575716, -759.3099457502943, -693.6041628883639, -629.3373509858018], [1019.7140154999669, 1020.7170267675604, 1011.3027911157769, 977.5663643795097, 843.3548736203936, 745.1830976506484, 694.0148898511308, 614.4471819117614]], "wi": [[-49.22530846726236, -312.82835999946684, -27.421751734791034], [1672.4126725918384, 1670.376401179929, -1671.5472277700742], [988.0604187508723, 987.4779224483977, -988.4918398741335], [845.2881563970751, 848.1924218610968, -844.9782403197756], [760.0028103907017, 792.1998333785301, -760.9017197703639], [679.4862064954611, 815.9929405897358, -678.8596836344318], [435.43950721887717, 1230.5356824270702, -429.2489331225082], [-207.37375326437322, -441.74598986267546, 131.26120026394148], [301.3083139208589, 540.8538703363272, -300.4093029259448], [334.05600044021406, 725.3692601325404, -331.61928217208873], [-247.65867233182993, -764.8654788616, 170.99547584725266], [-229.58998856006724, -947.3428381483963, 148.63789980683194], [-176.1666689138767, -626.3496965946489, 98.70234684715041], [258.7955304978046, 644.3386246635783, -257.26257338933004], [289.63119383267923, 735.138781549861, -286.4817837793907], [325.80400934648617, 772.9978535933407, -322.09146736330365], [295.7675880243356, 277.05164907160747, -294.4076018504469], [331.12652326701317, 491.5509430384835, -328.91927970916055], [-0.0699426136747007, -0.18846835338476212, -0.18225898984035324], [-0.05251834964717644, -0.11616346874848654, 0.009805841284236921], [-1.1064128993071651, -1.1025034739510782, 1.0532935445161071], [-7.773391095941277, -8.065365448082742, 8.010799781626194], [-85.6120042034467, -90.16586223541852, 85.56930003907756], [-73.90389246582615, -79.46047569288247, 73.40557813714334], [-32.07981544442887, -36.64085398554299, 31.821656244257962], [-77.6605216207962, -89.2611369864168, 77.58842302013913], [22.43408089913296, -254.27493896160652, -98.63165879728818], [464.8174171040894, 473.6053587510565, -464.17618760539693], [672.9433428817214, 878.2462330465354, -672.485271193701], [684.8268316329215, 892.9765470528605, -684.7258160371563], [701.5166662161615, 759.4909188538048, -700.9909552429934], [1784.337349513505, 1521.089230755304, -1859.9596504845306]]}