{"wo": [[1.1177708623960287, -1.2454558651837009, 0.4292609789604917, -1.59640102651819, 0.06179913652097911, 1.1966353125831026], [0.3574421356216337, -1.9480529792458836, -0.29343165640034663, 1.0890915409552493, 0.382489530568271, -0.33725061723317107], [0.20560765042303095, 0.6547594768483512, -1.556588078289698, 1.4746919737282327, 0.5492227757155395, 0.03359088050982396], [-0.531073120553204, 2.3574485044481595, -0.12121239701410784, 2.7504304151590864, 0.822656812355482, -0.40666888895999537]], "wi": [[0.18914432604898268, -0.18504185834142348, 0.055533089848221306, -0.08975462454884445], [-0.002601321233097087, -0.10939794215671578, -0.033055056392835624, 0.18328463671688644], [0.04630367476815547, 0.11869169664031609, -0.1529892238897746, -0.13585316597282154], [0.028779430050535598, 0.1898290478628885, 0.10553765607882992, -0.06135917985473546], [-0.057296191195953985, -0.0834790956451425, -0.5475983339501515, -0.17082897574725367], [0.24764850175489897, -0.20394085963178432, 0.17378271491585742, 0.07457846318050491], [0.008624530127329739, -0.05134155212361669, -0.052425736889423855, -0.07546701596163241], [-0.2040400497576722, 0.3120634305305981, 0.0933602112933405, -0.3260265424173226], [-0.018981419995065165, -0.21407506081789807, 0.04908274030132195, -0.11766275295987294], [0.08463581894363971, -0.112233782284057, -0.08829942036575572, 0.4846698762449031], [0.0007536946710300812, 0.01027662670203412, 0.08358150347678087, -0.2243067804827357], [-0.010980088011722735, 0.15349993767263187, -0.08271579796933133, 0.12665269321135153], [-0.07837879391970552, 0.048633709153566095, 0.025447491818989393, -0.3321452151087425], [0.043624139117824146, -0.08843973741940167, 0.4203605364583309, 0.28612799219132157], [-0.12311087881422408, -0.6891028191128942, 0.5826447682442942, 0.7016845962456103], [0.1545589715581776, 0.2913423326465673, -0.4602646597390629, 0.8136672632503494], [0.052956385096408605, 0.12798913872329834, -0.014653496041357256, 0.6495545742067225], [0.09038379209944233, 0.05439720550905408, -0.09050479470003545, 0.3432958025683487], [0.009164305751358697, 0.03601804013952802, -0.06803690449970319, -0.2995730966736267], [0.0730359304559808, 0.3346336130375163, 0.03587844857989133, -0.2693774218349021], [0.1152502685756328, 0.2246847233029998, -0.08542683303635179, -0.08680986016439345], [-0.10479232953915571, 0.06116381995408004, 0.04901174184495092, -0.5794189927089067], [0.019554549275733014, 0.03919666425182348, -0.03815906957025907, -0.31628284600917855], [-0.09320584195685663, 0.08704523802386638, -0.0344684022372014, 0.014767176192947352], [0.02970643604558144, 0.07701220202815916, -0.14027046694377887, -0.08163574278662881], [0.0026784049764826856, 0.027961669259121188, -0.16903487923548002, 0.7699761307673901], [-0.1091962842302015, 0.02670757334563932, -0.09731088693680882, 0.47958355361020133], [-0.0028574295610486076, -0.019779893053296946, 0.08487102385004316, 0.2552252280230842], [-0.03619348310807317, 0.08273476187563857, -0.10120366016671202, 0.4931852394598603], [-0.01375348637914439, 0.13127471847514233, -0.08285066040101775, -0.08140076443730604], [0.14179948343260745, -0.06933311601962015, 0.018055477745635106, 0.42071065539118685], [0.8058717691545739, -0.3030041903278347, -0.3450811304914055, 0.5042539904046696]]}