{"wo": [[-1967.7785880035851, 960.7150172617193, 705.8843379470849, 243.4991153721959, 34.596192415036604, 29.744344413942834], [-533.8465503991301, 1127.7739672485368, -750.2964934100983, 209.04577753686783, 67.10017400233673, 22.503457762545544], [-223.52089244922783, -1320.7496816600146, 819.6934420034514, 58.85719407882803, 12.020294739608293, 0.8563866651084304]], "wi": [[-79436.3025227645, -67054.23441141158, -33049.04599856554], [63557.12659049103, 94121.87384133093, -59340.50467951072], [57444.87591438682, -106428.00227827957, 23769.8788552206], [-30897.388392171953, -41085.79129110568, -16037.956330180506], [-28249.652725521995, -26144.224843136006, -4182.587388991173], [-1231.745621549436, -19338.310789977993, -4460.637773165859], [-78745.31991210666, -46540.49082959944, -23234.52985788678], [-26225.11462173592, -44400.173984449946, -15654.197027459544], [-8322.227979019868, 324.48827719668515, -13014.235604754962], [16067.019625895628, 6597.1347119484635, -4642.004265366957], [5907.914705132371, -1613.7384461575311, -2572.4669655398766], [10331.163785064518, -465.9399893266573, 566.1950395432469], [2074.490677538823, 4510.735405295899, 2886.556526453134], [7165.979539812038, -10099.600101051745, 2830.5374143865765], [299.60356137437, 1055.3492759830713, -3692.1121410748005], [17999.70144913103, -4009.076897625877, 3494.787756889409], [16226.599317670316, 6012.694520822794, 9946.098270896857], [-16360.206697632502, -4537.771806473858, -17884.825551829806], [-0.18069745508468224, -0.12816526038337775, 0.00922009268003926], [-0.17165484636226103, -0.03873234142196261, -0.06859171599380526], [0.02504258280059721, 2.0804423893706097, 0.08174643948270996], [1.0352232946621973, 12160.686838381504, -2.392738152665889], [7.87335863710615, 21929.658324895772, 6914.574030181769], [16.655700920891125, 27003.716343958156, 8997.204204535168], [20.979588644925318, 20306.41380750624, 4957.49390254184], [914.9008497602972, -1086.0419939197743, -1212.3438891854992], [66587.11858281192, 26129.62212940661, -8461.64051637028], [-1219.9086160715588, -69249.59132625592, -26411.635777167434], [20836.397696925753, 516.4224472259261, 4995.996862986161], [43073.451101837374, -14563.107685767533, -3756.0015930413083], [-2069.5762599234135, -12325.205080024738, -9123.84468924617], [66306.81145612078, 22107.780904342624, 24688.138806969167]]}