{
    "wo": [
        [
            -0.5802653778536382, 
            1.1341628832393578, 
            0.0323067393373925, 
            0.6360289190917064, 
            1.5101388743912607, 
            1.3146172041229307
        ], 
        [
            1.6353440767567606, 
            2.0570725343311462, 
            -1.2882492299813872, 
            1.0628944288717683, 
            -0.7797550072029715, 
            -0.41344334649242176
        ], 
        [
            -0.38669127545123616, 
            -1.242395533927199, 
            1.652217235246389, 
            -0.27183283361028227, 
            0.43217462512979876, 
            0.27613623901797113
        ], 
        [
            0.5710299843515474, 
            -1.7077924683720318, 
            -1.8207912213071262, 
            0.6149783358197415, 
            0.26402567089378925, 
            0.3591828334447195
        ]
    ], 
    "wi": [
        [
            -0.016171366936676312, 
            0.03130500762102867, 
            -0.05918937738504426, 
            -0.03565645200743445
        ], 
        [
            -0.18251208010444522, 
            0.003009182575382019, 
            0.01324059678857653, 
            0.12966909155070955
        ], 
        [
            -0.05587660569185535, 
            -0.12246771744348006, 
            0.19056403250965775, 
            0.14379598859134318
        ], 
        [
            0.2210678823549066, 
            -0.17694867745591644, 
            0.1368443673676845, 
            -0.09561142620536708
        ], 
        [
            -0.056935248720392906, 
            -0.19563932473810963, 
            -0.026641822210241688, 
            0.02979625863991123
        ], 
        [
            0.11078018543120265, 
            0.01366550979119841, 
            -0.016244704580586987, 
            0.20805845365256814
        ], 
        [
            0.21409407406391212, 
            0.1489278341345307, 
            -0.006810721456224038, 
            0.10006203225648995
        ], 
        [
            0.018290785882872224, 
            0.08485085008208683, 
            -0.3440443165733824, 
            -0.43770150637417454
        ], 
        [
            0.315582638409835, 
            0.04924759176502384, 
            -0.25492899462214613, 
            -0.5013482313524896
        ], 
        [
            -0.06014669357076818, 
            0.01857837389456931, 
            0.10314961801382219, 
            -0.051029037960412575
        ], 
        [
            -0.010477248659589967, 
            0.020152989037937576, 
            -0.044559352791051526, 
            -0.02524169556155455
        ], 
        [
            -0.10630759633598537, 
            -0.025315448499123427, 
            0.014329756447459348, 
            -0.0009431067703120256
        ], 
        [
            0.08379797651422353, 
            -0.00816200260144019, 
            -0.07851246284073149, 
            -0.10449199706648955
        ], 
        [
            -0.3850362433475373, 
            0.25792571921579516, 
            0.4663706191558911, 
            0.7810468110410851
        ], 
        [
            0.32637417871813657, 
            0.1678020537411282, 
            -1.0187039028506228, 
            -0.463706483556651
        ], 
        [
            -0.21894397251411812, 
            0.16730889698508694, 
            0.7125263552162467, 
            0.013405787888469701
        ], 
        [
            -0.13669479213450222, 
            0.07476408268396123, 
            0.47843502439354585, 
            0.38305308974043084
        ], 
        [
            -0.04935092491769552, 
            0.01213034042059739, 
            0.3218487797665857, 
            0.25723070963794203
        ], 
        [
            -0.017819719083614377, 
            0.039012812052653605, 
            0.07424702592120974, 
            -0.037806898497162976
        ], 
        [
            -0.19740513135368845, 
            0.04704453830428183, 
            0.4308083017296985, 
            0.5229026304813079
        ], 
        [
            0.024401244575050485, 
            0.13297541122663348, 
            0.17321562715076266, 
            -0.008103516391891032
        ], 
        [
            -0.12466196690398851, 
            0.006364694133297888, 
            0.2283779686406525, 
            0.0844283281314164
        ], 
        [
            -0.032381400470182245, 
            0.04162271747414739, 
            -0.01536112258635667, 
            -0.19369497756580842
        ], 
        [
            -0.08602430533297753, 
            0.0015480569230570372, 
            0.2290945840155656, 
            0.12657060934218584
        ], 
        [
            -0.29400350551612237, 
            -0.08151808155632567, 
            0.05353294489676893, 
            0.2626159253386828
        ], 
        [
            0.0795131942601459, 
            -0.007069028077753079, 
            0.04197847979455117, 
            0.036305009320104026
        ], 
        [
            -0.005374870706648427, 
            0.040119040234504584, 
            0.01682823274513797, 
            -0.10567523347396963
        ], 
        [
            0.07438424430561967, 
            0.0993906410888039, 
            0.012589701128867538, 
            -0.2049171910663617
        ], 
        [
            0.20964325421816857, 
            0.09444369558891089, 
            -0.09002222769702445, 
            -0.3228985194349456
        ], 
        [
            -0.07891746048203033, 
            0.024152804148582143, 
            0.15671117113319996, 
            0.05474646691302849
        ], 
        [
            0.10596027933670828, 
            0.013034694120122252, 
            -0.15406761947346992, 
            -0.09650321901249563
        ], 
        [
            0.8762829259827216, 
            0.1777057911850703, 
            0.2788925098314317, 
            -0.40751673919931936
        ]
    ]
}