{"wo": [[-1056.0943876881167, 840.4264423320152, 791.6365949764977, 257.2704168171166, -10.783390561954585, -20.82485401384329], [1076.3925935959182, -626.8397685783278, 938.8481819125886, 52.396598815220905, -36.07933353452325, -38.64000710650598], [735.9704370957944, -499.4986068075145, 908.7515881130413, -231.46241509644818, -69.12183487134051, -5.082942443530048]], "wi": [[-61508.03248786462, -94.04922983668922, 68551.44169913445], [63597.12763274097, -4724.8996387851585, -104947.23166187906], [32584.567248129195, -2322.4782570082307, 138007.30810034185], [-32526.897427381427, -997.6073426659635, 58994.12122984585], [-34510.17904500441, 346.152107950463, 26429.02206930606], [-4703.674572687723, 100.81414952013793, 23061.886334425726], [-55019.19199192715, 2872.5755518458413, 20200.912367147535], [-29178.595199974498, 2398.527308582874, 25062.867786779694], [-9745.55279111061, -2289.8099096715264, 14168.537844446231], [-217.4071136286261, -279.301636385778, 7029.690274090838], [-3888.9594386909544, -270.1010916697744, 6174.632680971923], [-9012.416380807754, -46.78290962881257, -1775.1857416797632], [1255.1883313594685, -203.21717229673808, 9169.832418846983], [-2672.914420890284, 33.09136484839995, 4751.091814294999], [-5337.950980053107, -70.03120143117988, 1377.8413021046665], [9034.86940322156, -56.432410841750595, 663.1754168339615], [1684.9253068457049, 115.10624180535748, 5908.5030782869735], [-620.5050876585833, -71.75581299161499, -1310.930149499031], [0.024240087541409577, -0.19502547246827426, 0.0966297509642654], [-0.06563337821061577, -0.18172140257263336, -0.0876467343126607], [0.00047594338074142807, 0.09360287921984956, -1.9199720688674777], [0.9124986202875931, -1.5198971997709414, -16345.689904275669], [9.04876169090719, -9.031453234664255, 13782.841848113576], [200.8984977460934, -14.806302249108265, 1776.7959703178342], [3559.1129378201463, -14.444262100610043, -1888.2341711910976], [-3220.5103872884592, 293.44828719443035, -13634.691136745632], [48889.66108093979, -5200.377685283043, -17179.504057240945], [13334.058777731912, 110.90425689627224, 42101.35214411196], [29654.797462819377, -971.8422440313271, -19033.48770267617], [10105.208636277222, 543.2651096190453, 10766.75350123872], [-8280.913355191797, 193.63429202992185, 8998.572371438562], [63692.864138612546, -5992.978863493355, -29638.585424466284]]}