{"wo": [[1006.228178411327, 1007.278451601695, 995.8247504759113, 964.7016060702833, 830.716903255037, 736.0267297827321, 680.5099296489972, 604.9798288513174], [-1031.9416860421093, -1031.9366821993526, -1024.0681403553854, -989.3974362564863, -853.886421184269, -762.897041307639, -704.7382242860594, -630.0090969908066], [1023.6546850509368, 1022.6093173437482, 1015.4336420036454, 978.5165708193366, 845.6806433521833, 753.6777719458674, 696.2355353736089, 622.9870502842163]], "wi": [[-352.0892826416591, 350.52449282184983, -365.51292025567795], [-1661.5857350030903, 1671.589339751821, -1662.3989178043748], [-983.0136419536822, 977.0826783500278, -974.7438016896466], [-889.4345740184747, 895.6017342404348, -883.6069950269903], [-706.1295152513454, 718.7024518849995, -730.6701200908493], [-660.9934549075859, 646.6641072532962, -643.8671101410057], [-274.62630233353116, 310.7883754977889, -291.0948469056429], [-232.69641477146797, 251.27933146390978, -246.11191286985533], [-231.55712321998817, 241.68865818261767, -238.22653065860948], [-232.7871540184265, 237.65828569650705, -227.83448467606883], [-275.69212516297665, 274.54057303745464, -265.9138599864366], [-270.91119976968844, 266.47805840092553, -267.43236115687137], [-286.8048413648589, 282.6750107893765, -288.30128980409125], [-222.3010358889355, 210.7786984209901, -215.15750528323116], [-235.7971551845272, 223.17065830407105, -226.44702804434473], [-259.15759383665807, 268.28978228931004, -256.2021738330358], [-256.7567397958364, 256.7475031635513, -256.2563262703696], [-252.30159603385286, 259.9326962201589, -253.34270833364266], [-0.18275193478306462, 0.1712530280392317, 0.13802478895934905], [0.17811905749258244, -0.07407958688542662, 0.16210695542475773], [0.20989426116235815, 0.07951276002849278, -0.06634011797026747], [-0.4291883208919081, -0.279283749600397, 0.1070738287830865], [31.40854463531664, -34.02043893052391, 33.057989371793546], [6.1836416486251, -9.75106410579977, 8.843141635037627], [-10.326153097956242, 6.110608851389279, -7.239687632198391], [-17.533630870302407, 5.64887621272022, -8.476615688797276], [-454.84263692725114, 456.98313173224597, -448.16675746399466], [-442.72092775397283, 438.3520726072581, -439.3391756700441], [-661.8752960562905, 662.5308104085618, -665.4813687923507], [-655.2800905836081, 649.1022664953759, -654.2518673214679], [-699.4356063957769, 703.0131155060178, -701.5221462837552], [-2192.5722751254684, 2204.4230801658573, -2208.097649360657]]}