{
    "wo": [
        [
            -0.3434602849229803, 
            1.3339549182864565, 
            1.2071667553335015, 
            -1.1782867373408363, 
            0.07137627566134108, 
            -1.213498802120774
        ], 
        [
            0.8100448334478221, 
            0.8080600362305316, 
            1.4862956422076312, 
            -0.7671494208360035, 
            -0.09143137610795207, 
            0.9738449940575339
        ], 
        [
            0.6651203250647881, 
            -0.8270652631640166, 
            -1.0237506112628116, 
            -0.14600269687781775, 
            -0.9474351497461014, 
            0.7300456321991187
        ], 
        [
            0.39184157080553406, 
            0.7373738511627753, 
            -1.794803445110933, 
            1.5865498246289202, 
            -0.43260054314582386, 
            1.1778580291885634
        ]
    ], 
    "wi": [
        [
            0.0674902257813274, 
            0.17800316295691665, 
            0.18914432604898268, 
            -0.18504185834142348
        ], 
        [
            0.055533089848221306, 
            -0.08975462454884445, 
            -0.002601321233097087, 
            -0.10939794215671578
        ], 
        [
            -0.32871039775917077, 
            -0.010346832634223, 
            0.007274599983387239, 
            0.1921031350682855
        ], 
        [
            -0.1529892238897746, 
            -0.13585316597282154, 
            0.028779430050535598, 
            0.1898290478628885
        ], 
        [
            -0.022649755991113768, 
            0.2613608030305084, 
            -0.11761485474183887, 
            0.07452278385119804
        ], 
        [
            0.10371435087495194, 
            0.08698832488073967, 
            -0.04212514613559523, 
            0.17987719613442194
        ], 
        [
            0.06748470971138745, 
            -0.14007588934893456, 
            -0.09202313219546948, 
            0.1061619558897818
        ], 
        [
            -0.2568189564107688, 
            -0.03577898952276957, 
            -0.22201754367575224, 
            0.11405577028206959
        ], 
        [
            0.1247235331764655, 
            -0.01779057670198261, 
            -0.5691416693003865, 
            0.05897105431422687
        ], 
        [
            0.2441860540611604, 
            0.13118047230565846, 
            0.2898425883760371, 
            0.11157370893926809
        ], 
        [
            -0.137107668366887, 
            -0.027209891420767972, 
            0.008220580192067705, 
            -0.16471323348481262
        ], 
        [
            -0.03241970426103931, 
            0.02277060673181244, 
            -0.4566340438583945, 
            0.018947885459891834
        ], 
        [
            0.06260479441260353, 
            0.03938199080125692, 
            0.03409994928843333, 
            0.1641784056736657
        ], 
        [
            0.44947674262228837, 
            0.281285353089531, 
            0.23125817671898127, 
            -0.1006017258612562
        ], 
        [
            0.6138264003225681, 
            0.18458993499455778, 
            -0.8178796639999824, 
            0.6386124819677218
        ], 
        [
            0.0403286009292267, 
            0.19785497457698806, 
            0.0757947788852632, 
            -0.37458073598440833
        ], 
        [
            0.09848641252714932, 
            0.0077480734684476325, 
            0.18741939154126522, 
            0.13580328039088999
        ], 
        [
            0.0416779424235217, 
            0.03408573916657733, 
            0.4058354313782277, 
            -0.05179856289375363
        ], 
        [
            -0.07495845455976619, 
            0.05794456986063512, 
            -0.032360544504231946, 
            -0.16979499899657075
        ], 
        [
            -0.23781645910162338, 
            0.05824440926447877, 
            0.46770157679055924, 
            -0.04046362005233041
        ], 
        [
            -0.17204476603997443, 
            -0.057112623904535254, 
            0.4660875380056732, 
            -0.35513556672163704
        ], 
        [
            0.07128263232188423, 
            0.05735843781382266, 
            -0.28932704666613523, 
            0.23264949967172338
        ], 
        [
            -0.05320364546888744, 
            -0.06710256826335285, 
            0.24456758203669926, 
            -0.04546596510106258
        ], 
        [
            0.031463750934116325, 
            0.009721068621489247, 
            0.34232098992942406, 
            -0.08346805574157909
        ], 
        [
            -0.019188438050107358, 
            0.0006383056566175357, 
            0.17216289470488924, 
            -0.08756466465099567
        ], 
        [
            0.18257448107953494, 
            0.13813900917430186, 
            -0.2952418127268313, 
            0.3744252366364474
        ], 
        [
            0.10329595620104587, 
            0.04245049918027068, 
            -0.05045700868099672, 
            0.18263711508355915
        ], 
        [
            -0.10949468975991035, 
            -0.040533306049094255, 
            0.5021472203738013, 
            -0.25077336743628864
        ], 
        [
            0.09852372500592858, 
            -0.00315495055732733, 
            -0.2622737284025932, 
            0.1585416737742019
        ], 
        [
            0.004754145698253789, 
            0.12461050690804183, 
            -0.1588589088082626, 
            0.10844234200204947
        ], 
        [
            0.058345488836835886, 
            -0.05420882209066438, 
            -0.5522464314005014, 
            0.2218947997578103
        ], 
        [
            -0.6519065799100009, 
            0.15236658676130463, 
            -1.354917729032969, 
            0.3777672550596077
        ]
    ]
}