{"wo": [[1026.6773704949208, 1026.4024009504292, 1018.5045133186594, 983.7164832018382, 848.7189034889325, 757.7320996842072, 699.3404592050265, 625.9928248144769], [1023.37196490309, 1024.399580280689, 1015.2102712513062, 979.6716567590828, 846.6334882885187, 754.9581436763673, 698.3185882808685, 621.7937599657095], [1011.8154204392561, 1011.0626781830429, 1001.6555762972308, 969.270606607021, 834.9920181867507, 739.9817124598145, 683.885880421987, 610.249585903218]], "wi": [[-328.6438496982886, -331.1597634963653, -350.3994064235133], [-1612.750815776641, -1610.292568617357, -1596.4470970834907], [-894.6626841900544, -897.8838296131516, -898.6556599750229], [-904.2742653604844, -901.3424868467386, -887.6759554602347], [-737.7668020687717, -739.2596692439672, -755.0367444491889], [-683.158120965329, -684.76118315926, -680.8164142265655], [-328.74781839014685, -328.3521384292294, -306.4850170667116], [-243.8857305211743, -244.10771708099233, -237.09079055368545], [-209.05393676973048, -209.04619411175264, -203.93095488208175], [-236.73453927304715, -239.10571226572685, -228.41693742603192], [-259.05345748433723, -258.0468694874257, -245.73767708947605], [-248.46478228627487, -251.3371555488382, -256.14321863187484], [-269.37241392934516, -271.5619370734126, -278.6273386267205], [-203.4648593217075, -199.68301173695883, -201.46569938154167], [-245.9547611816076, -240.27628127800693, -240.00144289713384], [-225.74516123375193, -233.70252189494866, -222.79044656204252], [-292.72413615660827, -288.0084097585906, -283.02215747452027], [-247.2264151635628, -248.1862763944611, -240.31315174782824], [-0.05865774702265561, 0.166544627750064, 0.15978141472654278], [-0.06773661420876828, 0.09895796424174341, -0.1963631493302206], [-0.013871806447208512, -0.11713923618424187, 0.023767043533439544], [2.598574459882273, 2.686482399365872, 2.45662737767987], [39.320723687481504, 39.19007094757694, 39.45371302818194], [21.594663159714063, 21.419196572615206, 20.935641577675746], [3.0208370213216678, 3.118045754533284, 1.8228534336916677], [5.757822019951086, 4.692095355070103, 0.0956097840315974], [-440.778198546257, -438.8038851055062, -428.73587990463295], [-414.43821728428094, -415.263853802964, -414.64064050093765], [-660.3274774417752, -660.5878110671256, -664.6001437842211], [-662.3021809084134, -663.3002435769083, -669.26536935822], [-686.6742023220396, -685.598742178718, -681.658325436665], [-2140.114454852421, -2138.4171465001386, -2139.1308940849444]]}