{"wo": [[2272.194760633994, -917.2267636781344, -461.26222350697935, -185.90043860902583, -58.61043733866011, -21.524117786040907], [-1269.1179868611214, 1572.7541462441116, -418.91719049080064, 46.25884514788701, 8.442227725829571, 3.120041843853251], [-996.8393567528747, -569.251694209583, 1016.7287449809722, -163.89011863092128, -49.96841083903116, -11.525116568783869]], "wi": [[54747.193775212545, -10647.421561250681, 38734.95710048356], [-44088.557669723516, 117063.46480343472, 7741.761238479589], [-27608.265704048586, -26445.081018402892, 113176.5772887023], [2794.718410232315, -41493.62533755684, -31384.920604793166], [24934.6785980197, -33366.737438965, -26608.2980313532], [1715.3917144578925, -30315.875411893503, -25293.46350804195], [36624.509111313695, -28556.216946535733, -24412.054666388372], [34511.49428621035, -5366.115458116803, -4751.850779494634], [14041.97528736282, -532.8629338295899, -4089.4413609678213], [-8974.327713887238, -2039.9093974145926, -4544.778982841097], [329.29016334130785, -3531.760520684895, -1233.3410733697563], [4024.833762198683, -271.98273780349336, 1258.6705853562048], [7452.095783713681, -1446.0016150782408, -3305.894429725114], [5789.23280646284, -1201.1975230847424, -1710.82915911763], [12182.242322759765, -1917.4836440576264, -2759.6613840029827], [-7562.292679422721, 494.93342832098784, 758.0303170874605], [-1664.2835947443477, -1519.6987597131663, -1309.0703068188923], [4689.008512642983, -1319.5372558249753, -3904.998344332194], [0.0031762570082295716, 0.17313352969076273, -0.15637686162755854], [0.0205068984362205, 0.08262456394675588, 0.0189763645313695], [0.11724176987674281, 0.07210775292550567, -593.9183691880887], [1.8914884510879517, -6.911193864190951, -103.71896903146052], [-155.80892863296117, 1.025903969641056, 4332.4341557440075], [-158.56935556630143, 2292.6013705469177, 5447.986031252261], [-246.7768237224048, -5128.165445658626, -1130.049008008306], [17662.6173019474, -1352.7946625936559, -867.5831617759284], [-25251.596689605467, 35685.50757413157, 6097.507424198168], [-8569.980710111236, 14673.589553249481, -4945.81303170328], [-15368.473890762083, 16214.090511933438, 6248.25600288304], [-15325.335708916959, 5607.420481124339, 1945.3653311529765], [-17620.46495861059, 6238.38030256225, 3852.793027262957], [-34423.197191672276, -4452.658599641389, -21269.363481083008]]}