{"wo": [[0.5451195247811251, -1.2322243518210787, -0.11409382800538252, 1.9223443899560253, 1.2020154335974773, 0.5678415125988018], [0.9938070509142952, -2.569941255556831, 1.5329916901868597, 0.25515348891364215, -0.638047610953171, -0.550163769150669], [-1.8890139837130808, -0.5853065836623191, -0.14944570890130565, -1.4816202647724097, 0.9009426860084295, 0.2398596359953955], [-0.8885219802095129, 0.7625897682230016, 1.6633708315002436, 0.5329033984658671, 1.7388668306632895, 1.054347891575438]], "wi": [[0.03130500762102867, -0.05918937738504426, -0.03565645200743445, -0.18251208010444522], [0.003009182575382019, 0.01324059678857653, 0.12966909155070955, -0.05587660569185535], [-0.12246771744348006, 0.19056403250965775, 0.14379598859134318, -0.09168812887003108], [0.1549188853357925, -0.2299935795717809, 0.05998542836122366, 0.3471121152645507], [-0.09444844839297191, 0.06481849727946976, 0.15759664401316487, 0.13681069980196633], [0.2612269047925802, -0.12505401641079233, -0.05617613718226177, -0.13318443380730474], [-0.11930209046651839, 0.03965635801020784, -0.03745738529305465, 0.03492134938141428], [0.014353525691241284, -0.131256335662883, -0.12674671946645566, -0.09278295692937918], [-0.0357331854628426, -0.08270332214235251, -0.08660763975336293, 0.12338487513069303], [-0.06034389305850725, 0.02605304338438112, -0.019541041334090143, 0.09281779525797328], [-0.04113869444362066, -0.03552893317312283, -0.05630935027531658, 0.07517314859497108], [0.03863543226268801, 0.010491560781001696, 0.02108043663018528, -0.03285514832356358], [0.03980610575500497, -0.05564339476011073, 0.008491279102079833, 0.005925680233558908], [0.26281656101224204, -0.09144330251103101, -0.2641977128127282, 0.019533611074634593], [-0.21163688525910646, -0.5600339679533001, -0.491979171092986, 0.26170866943185905], [-0.2171472090848132, 0.3051346684747379, -0.20296228618217077, 0.8159776677518825], [0.20379790341895848, 0.07297088735902821, -0.043487368147046145, 0.04736525657410288], [0.10465424762353377, 0.015824203686646506, 0.059409289077455255, 0.11728614006572712], [0.01312091650325616, -0.02054409037637629, -0.03590823193082714, 0.08706846506529443], [0.1349428026465439, -0.03458177171688103, -0.0011254584836332322, -0.06478778384938726], [0.08247133242275911, 0.034225789900232374, 0.041245205475517265, -0.13580508169734865], [-0.033457757608351305, 0.08924945172645417, 0.051622800968378846, -0.01834111470552314], [0.017826625773863767, 0.09173735556475873, 0.08591462649806005, -0.04577704279839182], [-0.05459519367933158, 0.0698704209473052, 0.02336705908963641, -0.05140012439598863], [-0.014587118339826377, 0.047250930567640154, 0.022029462231107032, -0.0007809649257298829], [-0.03487956763456293, 0.03950282567829027, -0.005080651949118802, 0.046019088389011045], [0.051448837322281685, -0.057446447243309696, -0.03173372398692608, 0.06088404647140989], [-0.0724963813588504, 0.010154814602967506, -0.0184824897179359, 0.0541425216524524], [-0.05276110792991576, 0.0429439579597987, -0.007236000193371613, 0.08031557392773371], [-0.036867789194168964, 0.03478312072410701, 0.025644209088637366, -0.02912539531807358], [-0.05416194111826683, -0.030439593117191757, -0.0645911922115372, 0.008329539943724163], [-0.09694355997778513, -0.030575621800562135, -0.04463258518810714, 0.03472956364353153]]}