{"wo": [[639.1927788383662, -832.538604463871, 644.8878504199045, -94.98862438654803, 17.85144543759246, -3.0669320907813216], [1092.4104392297534, -368.60635510858395, -661.7201393505925, -51.93437523119879, -24.831962260231997, -28.593621974481717], [735.3927848764495, -218.97661003041532, 528.0572415026377, -127.34796768487624, -35.4315683847409, -25.166264774302217]], "wi": [[-6512.76465903023, 15696.638382982059, 127275.26700756526], [-35597.564865262655, -15309.273418432755, 53732.82086829767], [29124.987189072246, -9741.985029833248, 26581.631931297277], [19585.5769678524, -14999.925082777083, 11825.457451726259], [7007.845092216483, -1795.7594402318325, 9765.3424904729], [2047.1958797890184, -2418.8869922866043, 339.03322913531184], [-22338.62402599188, 3868.696043004127, 43981.81558914639], [-11605.225381285236, 2892.7436863136436, 11296.622603052061], [-8061.384760341669, 276.845848375004, 5631.199841346965], [1857.7799517722597, 468.73259124888835, 2631.0869147092726], [-10199.267413294694, 2104.5169899713783, 5407.735715380197], [-6301.944203974715, 664.5998140253273, 1978.9327137480914], [-3885.277765204924, -1140.201097795307, 1993.9628534335175], [8999.470101792993, 896.5771078940795, 3482.619685894467], [996.8869525854637, 344.1295654837086, 1403.7722696334447], [-9975.895583264013, -384.80788790655697, -1242.2563332022612], [-7622.4857220540525, -6713.629299425292, 458.6730734569847], [-1913.6979635308664, 3378.016954018153, 1079.2309620297362], [0.02959272123295062, 0.050855875641937054, 0.012550321535189118], [-0.0356781990657602, 0.05383760495058637, -0.03863484936527298], [-0.4980663131432175, -0.24244937323949536, -321.38935350948435], [-14.521284336456784, -368.22827204066834, -6727.258847341162], [-533.5114890376967, -832.1871154678753, -45787.3532782036], [9163.930262988393, -1225.2716123233326, -6101.184131988837], [2492.71702227761, -1335.363576451567, -10573.653099003699], [150.24322427060366, -991.2330139096191, -3903.335459836111], [-4425.990370993788, -22883.406367830885, -32243.899303056067], [-48283.935611279245, 13469.191040659407, 62075.67109361568], [-7128.870513869264, -1110.4844930406566, 31073.218567834527], [-2602.8018715366757, 2027.343296809469, 20456.826454216058], [-2163.0389925879226, -4231.43673430592, 4996.197825734737], [-12809.949668123001, -13693.595787706448, -114043.53208431191]]}