{
    "wo": [
        [
            -0.526558002410134, 
            1.4950068723906211, 
            -1.0258947276418438, 
            1.8106886055403733, 
            0.7687451032420533, 
            -0.7370025979212618
        ], 
        [
            -0.19810965536495792, 
            -1.9919988249880214, 
            -0.3902225722133422, 
            0.4765451659113062, 
            -0.06527272658990318, 
            -1.3444362719305127
        ], 
        [
            0.5900377935765134, 
            0.3027256045030535, 
            1.1033446622419856, 
            -1.588309278076177, 
            -1.0102541619136014, 
            0.6009166315808987
        ], 
        [
            -0.5210968864248393, 
            0.8346252751417127, 
            -2.1061038926778397, 
            0.12778251343535285, 
            -0.7479374219937027, 
            -1.0144228843526752
        ]
    ], 
    "wi": [
        [
            -0.04064110463139564, 
            -0.09141698741147569, 
            -0.1005372348016001, 
            -0.19956562098432948
        ], 
        [
            -0.16173350822750532, 
            0.018051928109007548, 
            -0.03747866245242998, 
            -0.07912083012397156
        ], 
        [
            -0.03361113298035598, 
            -0.12553179492746036, 
            -0.06010872258388408, 
            -0.0863128528346894
        ], 
        [
            0.12903625494880516, 
            -0.16876666656591555, 
            0.17958365292115297, 
            0.0644566211577618
        ], 
        [
            -0.13478308506633038, 
            0.09579339131739355, 
            -0.07469663286829456, 
            -0.028642483165129802
        ], 
        [
            -0.6307554728174272, 
            -0.12323517959598619, 
            0.007156962772122162, 
            0.08944290493639756
        ], 
        [
            0.22856867480772156, 
            0.4132237709480418, 
            -0.2715056455277723, 
            -0.3152522007627882
        ], 
        [
            -0.01245826885616527, 
            0.045251538813594096, 
            -0.2833809421685441, 
            0.02387715785405822
        ], 
        [
            0.5910955870924489, 
            -0.0672840582052771, 
            0.11044936944530269, 
            0.0526982189022867
        ], 
        [
            0.8193840486770393, 
            0.3141411885607627, 
            0.3720320941122359, 
            -0.30084859439186445
        ], 
        [
            -0.42640109193332987, 
            -0.038755151245540666, 
            -0.14631660208729513, 
            -0.03609836702753317
        ], 
        [
            -0.3183109794705587, 
            -0.07596571883194259, 
            -0.08887354708489245, 
            -0.02658338910354481
        ], 
        [
            0.012501262918237714, 
            0.049054285777399585, 
            0.08539328281824075, 
            0.004283095751580409
        ], 
        [
            -0.3989269275477331, 
            0.18619039317567151, 
            0.5050895668222747, 
            -0.15815387022332736
        ], 
        [
            0.43637142411272556, 
            -0.21040254725544166, 
            0.4306318644984026, 
            0.3775490485968466
        ], 
        [
            -0.609560306079004, 
            0.04411166206898616, 
            -0.18005683073343665, 
            -0.20103462102968767
        ], 
        [
            -0.1833299105269298, 
            0.05640058243894693, 
            -0.04133089203015969, 
            -0.07610230461010958
        ], 
        [
            -0.2750673990006734, 
            -0.004539957339363029, 
            -0.06140049681935672, 
            -0.03406579206224195
        ], 
        [
            -0.14022342170923452, 
            0.04341641077814319, 
            0.03278789524715918, 
            -0.032695935921108046
        ], 
        [
            0.2168056646376205, 
            0.22492883143848208, 
            0.35471418808903743, 
            -0.1396065942419548
        ], 
        [
            -0.5436582214942117, 
            0.005180365033191636, 
            -0.14074860140609954, 
            0.0014144829551950117
        ], 
        [
            -0.30005907434209644, 
            -0.002211500175013591, 
            -0.03617163900281468, 
            0.020283332875698983
        ], 
        [
            -0.14940624604154804, 
            -0.010199889782146242, 
            -0.09427333040559024, 
            0.015616242644211561
        ], 
        [
            -0.39214779078255263, 
            -0.018477699990613602, 
            -0.18839747778765278, 
            -0.03941853859849905
        ], 
        [
            0.17577200278365365, 
            -0.07261409505327134, 
            0.03960870508460625, 
            0.08717181551859607
        ], 
        [
            -0.054968885731460096, 
            0.1012742944729269, 
            0.02124231088650977, 
            -0.03379380367739924
        ], 
        [
            0.04069971763010118, 
            -0.08972884396162877, 
            -0.1046127003423187, 
            -0.01176381345212832
        ], 
        [
            0.6511443239366963, 
            0.0012411412900633445, 
            0.19192553840286475, 
            -0.022445459724504437
        ], 
        [
            0.17406305558709848, 
            -0.08066302002874148, 
            0.08950602200765319, 
            0.023241688569575914
        ], 
        [
            0.28802038639822247, 
            0.06869457910801635, 
            0.054014789200494205, 
            -0.01847683051317271
        ], 
        [
            -0.030374633296905658, 
            -0.15601368967744353, 
            -0.051954866896211635, 
            0.04568227302870788
        ], 
        [
            1.3686819391684215, 
            -0.32630574068023227, 
            -0.002429666952307073, 
            -0.5453508090506325
        ]
    ]
}