{
    "wo": [
        [
            0.0647642689042324, 
            -0.6840532302590775, 
            -1.442672622737428, 
            0.8104138305676717, 
            0.5155184520215087, 
            -0.6351240566702147
        ], 
        [
            1.0733345251107609, 
            -1.0868797379895918, 
            -1.1495858497738551, 
            1.23495532779465, 
            1.6198855863998185, 
            -0.8561971831444211
        ], 
        [
            -0.5840736873614175, 
            1.619082189679515, 
            0.8093842698980654, 
            0.09784228370406614, 
            0.020411493409753536, 
            0.036182622035242334
        ], 
        [
            -0.6992887539759292, 
            1.4006852232006208, 
            -0.2961156454771014, 
            0.07664531507998609, 
            -0.9471397483373382, 
            1.720383679672481
        ]
    ], 
    "wi": [
        [
            -0.10465032720802579, 
            -0.11780603803518362, 
            0.0674902257813274, 
            0.17800316295691665
        ], 
        [
            0.18914432604898268, 
            -0.18504185834142348, 
            0.055533089848221306, 
            -0.08975462454884445
        ], 
        [
            -0.002601321233097087, 
            -0.10939794215671578, 
            -0.033055056392835624, 
            0.18328463671688644
        ], 
        [
            0.04630367476815547, 
            0.11869169664031609, 
            -0.1529892238897746, 
            -0.13585316597282154
        ], 
        [
            -0.36505565959721514, 
            0.153668329597415, 
            0.13738306038090775, 
            -0.21374218493051061
        ], 
        [
            0.08544209417572975, 
            0.3528281879111609, 
            0.057509011406635516, 
            0.3598819099902422
        ], 
        [
            -0.15726491670502665, 
            -0.07141455452531423, 
            0.01671845612461728, 
            0.18403224244217084
        ], 
        [
            0.4129413370399366, 
            -0.09982361332605498, 
            0.1428451958099438, 
            -0.07000351241540732
        ], 
        [
            0.2883308291552212, 
            0.2278529740663888, 
            1.1300001374350002, 
            0.09898099212073734
        ], 
        [
            -0.49690279178662494, 
            0.10494463513248022, 
            -0.08915354429122486, 
            -0.20849317378663976
        ], 
        [
            -0.1920298084551528, 
            -0.03645415028087687, 
            0.7883839344897435, 
            -0.1133191099124633
        ], 
        [
            -0.13844025585199835, 
            0.199961768264851, 
            -0.0511429054547202, 
            0.021901870754964962
        ], 
        [
            -0.025179736173250113, 
            -0.0986969538829626, 
            0.17557704218657882, 
            -0.04000513859971307
        ], 
        [
            -0.5548718366041172, 
            0.4779177958220444, 
            0.03404800689689542, 
            -0.31620572094297417
        ], 
        [
            0.04259755412518932, 
            0.6393173058453387, 
            0.20630228023733072, 
            0.07813023036697053
        ], 
        [
            0.0376327680936972, 
            0.08240431761938513, 
            0.0941351225479852, 
            -0.11669206232671839
        ], 
        [
            0.10968561013102866, 
            -0.22030561898236697, 
            -0.29423601598326665, 
            -0.10141399510086639
        ], 
        [
            -0.054477387855557176, 
            0.286540008487763, 
            0.8725672442687974, 
            -0.014572188044238701
        ], 
        [
            0.018919092449706076, 
            0.12788656586921116, 
            0.11692246171161778, 
            0.015390514729164114
        ], 
        [
            -0.6139287139763835, 
            0.11168174146046835, 
            0.0655190835144903, 
            0.00797618206406178
        ], 
        [
            -0.3344385203711765, 
            0.2943302834076291, 
            -0.031378601459290695, 
            0.04148844241589383
        ], 
        [
            -0.20662855419269785, 
            -0.1434710553051041, 
            -0.7644602919500902, 
            0.019013641500144392
        ], 
        [
            0.1058006624807865, 
            -0.46892456704936014, 
            -0.18421094625290124, 
            -0.11686707494326837
        ], 
        [
            -0.2535381421695108, 
            0.6652387715217225, 
            -0.39362074354839255, 
            0.15001335166755403
        ], 
        [
            0.022268983381558936, 
            0.18067398824910483, 
            0.24691723752443603, 
            -0.004907806063297903
        ], 
        [
            0.021125932004560744, 
            -0.47779848603064434, 
            -0.42948319295729515, 
            -0.047118251998237826
        ], 
        [
            -0.026188887561401468, 
            0.07448958638628822, 
            -0.27010410464917384, 
            0.11155042253891402
        ], 
        [
            -0.11208920945828622, 
            0.12659921975345648, 
            -0.20040568201200448, 
            0.025910892342957997
        ], 
        [
            -0.09560799210093363, 
            0.2288108194813152, 
            0.08766954953548592, 
            0.030430929697033333
        ], 
        [
            0.12706433021624972, 
            -0.2101676259150203, 
            0.15874768472156991, 
            -0.052645018340322515
        ], 
        [
            0.1244015164678393, 
            0.0029513120593361378, 
            -0.19696940668070714, 
            0.0341027781403885
        ], 
        [
            -0.6322603074365102, 
            0.6199683559398539, 
            0.8019643901772635, 
            0.6695222620141515
        ]
    ]
}