{"wo": [[-2114.9305686012776, 896.5649616433166, 657.056750745762, 215.89869243011438, 56.09981815833427, 42.46488759675515], [645.8964613427348, -1071.5233933250427, 682.4153281295136, -186.7965937115384, -48.1640767413498, -39.925680315470686], [303.1422846727073, 1289.7816963180906, -721.3541658441411, -41.74987642350773, -34.86110908713235, -0.9431433741143305]], "wi": [[-95469.64874770338, 60982.40914175834, 14898.20375037392], [82244.5407745426, -90288.80555739341, 31660.269009999814], [61966.91350145923, 86866.61926677385, -12580.403492135934], [-29718.12259460173, 40646.78133662232, 7934.807153740597], [-12174.296537298887, 38218.84319603633, -1340.2241095358672], [-861.2654435288977, 8136.128291044085, -287.42091299429046], [-51797.74748901694, 64292.13188759112, 6433.722986846597], [-25021.774949343668, 44859.630902251425, 1573.9450615163846], [-34088.21316348582, 4008.461423964722, 5528.535530777099], [-13739.856295494717, -5509.873988491751, 3069.542776638048], [-5650.041555442158, 3413.1800679855187, 5937.895898960202], [10383.092040608692, -245.26190854075313, 9517.315510458768], [8033.846751023266, -5544.379712036161, -3364.6354882013275], [-3507.430234390935, -136.9892389326246, 154.6026855855785], [-6456.937171899024, 3143.4667468699035, 5139.785760183167], [19634.054089524085, -1436.0722193730514, -2565.4640751708266], [-5504.855192311753, 1746.79826156425, -1652.9824223369174], [-5013.6280431861205, 139.67279039498078, 3258.3597747026834], [0.11641608468363823, -0.044572443939954326, 0.03455538223257984], [0.14052664299242718, 0.11922378844166331, 0.06279382075445367], [-0.11285489612549826, -182.6396335384211, 0.1165173013841893], [-3.6081593473165694, 951.2094586480572, 2.0220741098600987], [118.26120090830872, -41988.30919704164, 917.7645702059147], [216.50383677306675, -19005.821593182623, -2886.1256360567645], [644.1303381315786, 7579.641946900874, -3933.4413944682224], [467.48895631220404, -8068.973891967069, -2563.771543069552], [89798.02250055541, -30247.401959760333, 27.770688792761053], [-29988.5917880103, 81307.82302997801, 17685.696091528698], [17630.211892420877, 21160.385494097252, 703.4772880225902], [61337.54929879972, 15685.862323164247, -656.0817886298182], [17066.904583594296, 7038.608901642101, 1366.8464254554654], [62062.943879513594, -29787.142113945843, -7717.275960600835]]}