{"wo": [[1029.9818621954735, 1030.3124441013322, 1020.0135860738727, 986.3818637758612, 852.0190364008879, 759.0337657806582, 701.5690151425661, 627.853424955963], [1019.708049893046, 1021.4341534182446, 1012.5037535187039, 977.2049600288233, 844.7086679138555, 750.3432698984129, 694.6720774314795, 619.3218536774144], [1012.0909359782288, 1010.034315660958, 1002.7681142057936, 968.9588165148712, 833.4681572117836, 743.1340339073369, 685.1330311071471, 610.6942270326215]], "wi": [[-354.4094770805184, -365.25477443098976, -376.24680303658766], [-1539.6620329146779, -1528.7935964006656, -1521.2126340603868], [-974.6082757129127, -980.3453239063152, -977.881133620594], [-885.3306541022984, -880.813928416767, -867.7896787379888], [-730.9067330705224, -740.0792006377551, -749.4442561181511], [-697.2041196287581, -694.8548971003682, -696.1848283143715], [-304.1334923566642, -295.19844862193924, -272.1318634164105], [-271.40575059324647, -268.0920866625324, -263.8608420610708], [-257.05596378474735, -253.80500321518292, -251.28206445708184], [-254.73230990645436, -253.05054046402725, -245.0039975204462], [-264.74839043400215, -258.8277359369422, -246.38584387431607], [-260.2323185338182, -267.21575522633356, -265.4590212977432], [-291.0781948989771, -296.46160362453935, -303.4193569861715], [-205.94323607786149, -198.76221542192224, -206.4264822238281], [-241.09394484701187, -233.46029118195935, -239.77057847456993], [-272.7508854004347, -272.3927251645318, -259.90230596001106], [-279.0508029586366, -269.52003841297994, -269.6338182932143], [-301.6184336582052, -300.6347512486294, -299.59087660274514], [-0.16953246104152597, 0.08430793496082906, 0.07232942604370418], [0.11111800201364724, 0.01796525635185814, 0.02156671028822882], [-0.27156532940101774, -0.26424212360727234, -0.26617531580212245], [0.029828678321456765, 0.014253112746855333, -0.41407699774689116], [3.1393547865914755, 2.7891993478357837, 2.0989800410695976], [-8.61318820362145, -9.402668068412478, -9.99208409640312], [8.34300854659218, 7.056414799310884, 5.880466312524866], [-32.111381036415175, -35.473013252301804, -39.47620333297291], [-475.3229838773408, -471.22449056560805, -463.451611445063], [-455.21041308615844, -453.07412467411865, -457.46657319631595], [-675.261704474131, -676.734293545095, -681.1582735993827], [-691.0317284885264, -694.4977132421169, -699.7580342228022], [-685.3973865402268, -682.403764978891, -681.489432932902], [-2069.941014871475, -2066.2225458059506, -2066.2936777901273]]}