{"wo": [[1.664912317706012, 1.4616743387860756, 2.246879639288189, 1.1565120104526543, -1.078195574290348, 0.5723769102760157], [0.9846409446768583, -0.9978700844252671, -1.2507847325039805, -0.1885592970038946, -0.7992875113537934, -0.44090363480474415], [1.8160059435978526, 2.4244440182848477, -1.1652870909102961, 0.734787760397389, -1.1786135195538234, 0.07547601752213053], [-0.8163857493499892, -0.18613891060871252, -1.1910058550506906, -1.1769006091536651, -1.594319112682199, -0.59765326786597]], "wi": [[0.16429371897214884, 0.11111637111273404, -0.05075181819598576, -0.004916638670532325], [0.1511435861787715, -0.04409651093550293, 0.10828110145228992, 0.14904081890251225], [-0.1853658816286645, 0.14476557208435914, 8.018723784991577e-05, -0.04758846997575458], [-0.02536615933367395, 0.18588733741845015, 0.08609312945090475, -0.07257962329306711], [-0.42211415189783685, 0.3199446753605597, 0.03903069633302009, -0.25503351588355083], [-0.01284727939133966, 0.32674004613819535, -0.19254350789581512, -0.029302205115052413], [-0.19001996273968505, -0.18615319226120508, 0.21855213524658376, -0.21996946596099998], [0.056866471459608874, 0.10330501315818469, 0.005824004147300569, 0.1259206522734811], [0.0824649857749295, -0.37472725405782603, 0.0009867054018826169, 0.13062735515275764], [0.28338773581084165, 0.2365704991652807, -0.24153981201522617, 0.1668858743803149], [-0.0043300036162190105, 0.23312585298149668, -0.007408068230256955, 0.03367975686733993], [-0.0019369772314910385, -0.2620087136887952, 0.03139797681970057, 0.029400394785510084], [0.019549233498079414, 0.05105412377828896, -0.05139633058778435, 0.004121669840678696], [-0.2179821368514288, 0.7649896434926089, 0.3372643314148494, 0.09418277977220545], [-0.5188086109954895, -0.8135715761925566, 0.8381301811794843, 0.1724496199969837], [0.22298841962877516, 0.3560842646349518, -0.24542891052586152, 0.08841690782154674], [0.022698829938050835, 0.5108223129290342, -0.07431069337497416, -0.028247936019165105], [0.006716196312254551, 0.2417247833283465, -0.044208363464029655, -0.0616282763145211], [0.0701036690182833, -0.10892534474083662, -0.02712456422336325, 0.10272938235341841], [-0.034432734594014795, 0.6784657895241065, -0.12807173690014897, -0.174058977164571], [-0.03205568230768539, 0.17759408517703482, -0.0026771048598392246, -0.06981608839595825], [-0.07235294445279884, 0.029568377795126544, 0.016307290378409275, -0.11281593944093882], [0.02646319604489121, -0.04471998634642562, -0.03676712387431477, 0.048172840787049254], [-0.06126525186449969, -0.1868009312281641, 0.051586525552317485, -0.09966349291657353], [-0.09482133839732529, -0.019605836739470077, 0.07456717498047111, -0.09604624856168277], [0.03941151063263666, 0.10115035468996794, -0.08978112191355102, -0.007279809714479469], [0.034483979968463335, 0.14935070125353053, -0.013890343437441867, 0.06075379239260291], [0.01736155058875146, 0.030926185555141743, 0.0009495326334547512, 0.014901738319816], [0.019348256437880205, -0.13535357514420226, 0.016261170337850833, 0.03288202866667219], [-0.006054672215919403, -0.07865982415797608, -0.013603964817428298, -0.054856706132832], [0.016880615147737376, -0.2911431672740678, 0.04507697317330753, 0.030313734900220983], [0.15168523944944526, -1.222169233084074, -0.020478632332104323, -0.5457489222485499]]}